Cassiopeia Station,https://stream.cassiopeia-station.ru:1075/stream
Голоса Вселенной,https://stream.cassiopeia-station.ru:1205/stream
n5MD Radio (Ambient and Experimental),https://somafm.com/n5md.pls
Smooth Jazz (JamendoLounge),http://streamingp.shoutcast.com/JamendoLounge
Vaporwaves (SomaFM),https://somafm.com/vaporwaves.pls
Synphaera Radio (Space Music),https://somafm.com/synphaera.pls
Space Station Soma,http://somafm.com/spacestation.pls
Коммерсантъ FM 93.6,https://kommersant77.hostingradio.ru:8085/kommersant128.mp3
VestiFM,http://icecast.vgtrk.cdnvideo.ru/vestifm_mp3_192kbps
SMOOTH JAZZ,http://jking.cdnstream1.com/b22139_128mp3
Radio Paradise (320k),http://stream-uk1.radioparadise.com/aac-320
Арифулин FM,https://stream.cassiopeia-station.ru:1295/stream
Relax-FM,http://ic4.101.ru:8000/stream/air/aac/64/200
Adore Jazz Radio,http://strm112.1.fm/ajazz_mobile_mp3
Ambient Psychill,http://strm112.1.fm/ambientpsy_mobile_mp3
Bay Smooth Jazz Radio,http://strm112.1.fm/smoothjazz_mobile_mp3
BOM Psytrance Radio,http://strm112.1.fm/psytrance_mobile_mp3
Chillout Lounge Radio,http://strm112.1.fm/chilloutlounge_mobile_mp3
FM Reggae,http://strm112.1.fm/reggae_mobile_mp3
Chill radio,https://radio1.streamserver.link/radio/8110/100chill-aac
SMOOTH JAZZ MELLOW MIX,http://ais-edge89-dal02.cdnstream.com/b48071_128mp3
Серебряный дождь,http://silverrain.hostingradio.ru/silver128.mp3
Наше радио,http://nashe.streamr.ru/nashe-128.mp3
LoFi,https://pub0202.101.ru:8443/stream/pro/aac/64/358
Модель для сборки,http://mds-station.com:8000/mds
Rock Space Station,https://stream.cassiopeia-station.ru:1255/stream
Enigmatic 3 - Magnetic Chillout,http://radio.enigmatic.su:8050/radio
Enigmatic Station 1,http://listen2.myradio24.com:9000/8226
Enigma,https://pub0302.101.ru:8443/stream/pro/aac/64/175
Назад в СССР,https://stream.cassiopeia-station.ru:1115/stream
Instrumental Jazz,https://jfm1.hostingradio.ru:14536/ijstream.mp3
Classic Vinyl HD,https://icecast.walmradio.com:8443/classic
Adroit Jazz Underground,https://icecast.walmradio.com:8443/jazz
SomaFM Groove Salad,http://ice3.somafm.com/groovesalad-128-mp3
Jazz Radio Blues,http://jazzblues.ice.infomaniak.ch/jazzblues-high.mp3
Splash Jazz,https://ais-sa2.cdnstream1.com/2346_128.mp3
Splash Lounge,https://ais-sa2.cdnstream1.com/2209_128.mp3
Lounge Radio,http://www.lounge-radio.com/listen128.m3u
Groove Salad,http://somafm.com/groovesalad.pls
Groove Salad Classic (Early 2000s Ambient),https://somafm.com/gsclassic.pls
Illinois Street Lounge,http://somafm.com/illstreet.pls
Спокойное радио,https://listen1.myradio24.com/6262
Sonic Universe,http://somafm.com/sonicuniverse.pls
Drone Zone,http://somafm.com/dronezone.pls
cliqhop idm,http://somafm.com/cliqhop.pls
Black Rock FM,http://somafm.com/brfm.pls
DubStep Beyond,http://somafm.com/play/dubstep32
